segment,customer_count,total_revenue,avg_revenue_per_customer,revenue_share_%,customer_share_%
Champions,14838,14282825.22,962.5842579862516,34.45597236155925,13.65694720565496
Loyal Customers,36762,8347584.7,227.07101626679724,20.137762892051605,33.83587364700685
Needs Attention,23712,6377784.45,268.9686424595142,15.385805073737528,21.824607908106913
At Risk (High Value),5703,4768063.43,836.0623233385936,11.502504527759063,5.249061188425006
Lost Customers,15599,4248029.68,272.3270517340855,10.24797202168405,14.357374272881232
New Customers,12034,3428105.94,284.86836795745387,8.269983123208522,11.076135777925042
